{
    "delta_TYN": [
        [
            -12.532105263157893
        ],
        [
            "d"
        ]
    ],
    "oscar L92": [
        [
            -12.56529411764706
        ],
        [
            "o"
        ]
    ],
    "alpha_DNF": [
        [
            -12.516000000000002
        ],
        [
            "a"
        ]
    ]
}